date,optimizer,paper_title,paper_url,code_url,notes,origin
2026-03,HomeAdam,HomeAdam: Adam and AdamW Algorithms Sometimes Go Home to Obtain Better Provable Generalization,https://arxiv.org/abs/2603.02649,,Targets better provable generalization through revised second-moment estimation.,APRIL-AIGC/Awesome-Optimizer
2026-02,FlashOptim,FlashOptim: Optimizers for Memory-Efficient Training,https://arxiv.org/abs/2602.23349,,Reduces optimizer-state or training memory overhead through a lower-memory optimizer state.,APRIL-AIGC/Awesome-Optimizer
2026-02,DP-aware AdaLN-Zero,DP-aware AdaLN-Zero: Taming Conditioning-Induced Heavy-Tailed Gradients in Differentially Private Diffusion,https://arxiv.org/abs/2602.22610,,Improves privacy-preserving training under heavy-tailed gradients.,APRIL-AIGC/Awesome-Optimizer
2026-01,Spectral Sphere Optimizer (SSO),Controlled LLM Training on Spectral Sphere,https://arxiv.org/abs/2601.08393,https://github.com/Unakar/Spectral-Sphere-Optimizer,"Enforces spectral constraints on both weights and updates, improving stability and outperforming AdamW and Muon in reported LLM pretraining runs.",curated
2026-01,Ringleader ASGD,First Provably Optimal Asynchronous SGD for Homogeneous and Heterogeneous Data,https://arxiv.org/abs/2601.02523,,Improves asynchronous SGD with optimal-rate guarantees.,APRIL-AIGC/Awesome-Optimizer
2026-01,NOVAK,NOVAK: Unified adaptive optimizer for deep neural networks,https://arxiv.org/abs/2601.07876,,Combines adaptive and gradient-smoothing updates to stabilize deep-network optimization.,APRIL-AIGC/Awesome-Optimizer
2026-01,FANoS,FANoS: Friction-Adaptive Nos´e–Hoover Symplectic Momentum for Stiff Objectives,https://arxiv.org/pdf/2601.00889,,Improves optimization robustness and stability through damping-aware momentum.,APRIL-AIGC/Awesome-Optimizer
2026-01,DP-λCGD,DP-λCGD: Efficient Noise Correlation for Differentially Private Model Training,https://arxiv.org/abs/2601.22334,,Improves privacy-preserving training while accounting for privacy noise.,APRIL-AIGC/Awesome-Optimizer
2025-11,ROOT,ROOT: Robust Orthogonalized Optimizer for Neural Network Training,https://arxiv.org/abs/2511.20626,,Improves optimization robustness and stability with adaptive momentum updates.,APRIL-AIGC/Awesome-Optimizer
2025-11,HVAdam,HVAdam: A Full-Dimension Adaptive Optimizer,https://arxiv.org/abs/2511.20277,,Extends adaptive optimization beyond diagonal scaling through projected adaptive updates.,APRIL-AIGC/Awesome-Optimizer
2025-11,DP-MicroAdam,DP-MicroAdam: Private and Frugal Algorithm for Training and Fine-tuning,https://arxiv.org/abs/2511.20509,,Improves privacy-preserving training while accounting for privacy noise.,APRIL-AIGC/Awesome-Optimizer
2025-11,DP-AdamW-BC,DP-AdamW: Investigating Decoupled Weight Decay and Bias Correction in Private Deep Learning,https://arxiv.org/abs/2511.07843,,Improves privacy-preserving training while accounting for privacy noise.,APRIL-AIGC/Awesome-Optimizer
2025-11,AdamNX,AdamNX: An Adam improvement algorithm based on a novel exponential decay mechanism for the second-order moment estimate,https://arxiv.org/abs/2511.13465,,Improves adaptive step-size control through revised second-moment estimation.,APRIL-AIGC/Awesome-Optimizer
2025-10,FedMuon,FedMuon: Accelerating Federated Learning with Matrix Orthogonalization,https://arxiv.org/abs/2510.27403,,Improves optimization under federated heterogeneity and client drift with momentum-aware client aggregation.,APRIL-AIGC/Awesome-Optimizer
2025-09,AuON,AuON: A Linear-time Alternative to Orthogonal Momentum Updates,https://arxiv.org/abs/2509.24320,,Cuts the cost of orthogonalized momentum updates with layer-wise normalized updates.,APRIL-AIGC/Awesome-Optimizer
2025-08,ZetA,ZETA: A HYBRID OPTIMIZER COMBINING RIEMANN ZETA SCALING WITH ADAM FOR ROBUST DEEP LEARNING,https://arxiv.org/abs/2508.02719,,Improves optimization robustness and stability across multiple optimization objectives.,APRIL-AIGC/Awesome-Optimizer
2025-08,NIRMAL,COMPARATIVE ANALYSIS OF NOVEL NIRMAL OPTIMIZER AGAINST ADAM AND SGD WITH MOMENTUM,https://arxiv.org/abs/2508.04293,,Speeds up optimization with refined momentum dynamics across multiple optimization objectives.,APRIL-AIGC/Awesome-Optimizer
2025-08,DLAS-R-FTC,Distributed Optimization and Learning for Automated Stepsize Selection with Finite Time Coordination,https://arxiv.org/abs/2508.05887,,Reduces synchronization or communication overhead in distributed training.,APRIL-AIGC/Awesome-Optimizer
2025-07,ZO-SAH,Subspace-based Approximate Hessian Method for Zeroth-Order Optimization,https://arxiv.org/abs/2507.06125,,Enables more efficient gradient-free optimization.,APRIL-AIGC/Awesome-Optimizer
2025-07,SoftSignSGD,SoftSignSGD(S3): An Enhanced Optimizer for Practical DNN Training and Loss Spikes Minimization Beyond Adam,https://arxiv.org/abs/2507.06464,,Reduces loss spikes and improves training stability through a hybrid adaptive update rule.,APRIL-AIGC/Awesome-Optimizer
2025-07,SCSAdamW,Beyond First-Order: Training LLMs with Stochastic Conjugate Subgradients and AdamW,https://arxiv.org/abs/2507.01241,,Improves optimization on sharp or ill-conditioned loss landscapes for large language model training.,APRIL-AIGC/Awesome-Optimizer
2025-07,S-BFGS,EFFICIENT STOCHASTIC BFGS METHODS INSPIRED BY BAYESIAN PRINCIPLES,https://arxiv.org/abs/2507.07729,,Uses preconditioning or curvature structure to improve convergence through stochastic quasi-Newton updates.,APRIL-AIGC/Awesome-Optimizer
2025-07,LyAm,LyAm: Robust Non-Convex Optimization for Stable Learning in Noisy Environments,https://arxiv.org/abs/2507.11262,,Improves optimization robustness and stability.,APRIL-AIGC/Awesome-Optimizer
2025-07,DOME,"Communication Efficient, Differentially Private Distributed Optimization using Correlation-Aware Sketching",https://arxiv.org/abs/2507.03545,,Cuts communication cost in private distributed optimization through sketching or low-rank compression.,APRIL-AIGC/Awesome-Optimizer
2025-07,DEO,Dimer-Enhanced Optimization: A First-Order Approach to Escaping Saddle Points in Neural Network Training,https://arxiv.org/abs/2507.19968,,Helps escape saddle points during training through curvature-aware landscape exploration.,APRIL-AIGC/Awesome-Optimizer
2025-07,Deco-SGD,DeCo-SGD: Joint Optimization of Delay Staleness and Gradient Compression Ratio for Distributed SGD,https://arxiv.org/abs/2507.17346,,Reduces synchronization or communication overhead in distributed training.,APRIL-AIGC/Awesome-Optimizer
2025-07,adaNPAG,Boosting Accelerated Proximal Gradient Method with Adaptive Sampling for Stochastic Composite Optimization *,https://arxiv.org/abs/2507.18277,,Speeds up stochastic composite optimization with accelerated proximal-gradient updates.,APRIL-AIGC/Awesome-Optimizer
2025-07,AdaMuon,ADAMUON: ADAPTIVE MUON OPTIMIZER,https://arxiv.org/abs/2507.11005,,Improves adaptive step-size control through a hybrid adaptive update rule.,APRIL-AIGC/Awesome-Optimizer
2025-07,Accelerated GRAAL,NESTEROV FINDS GRAAL: OPTIMAL AND ADAPTIVE GRADIENT METHOD FOR CONVEX OPTIMIZATION,https://arxiv.org/abs/2507.09823,,Combines complementary update strategies across multiple optimization objectives.,APRIL-AIGC/Awesome-Optimizer
2025-06,VR-SZD,A Structured Proximal Stochastic Variance Reduced Zeroth-order Algorithm,https://arxiv.org/abs/2506.23758,,Enables more efficient gradient-free optimization.,APRIL-AIGC/Awesome-Optimizer
2025-06,TAH-QUANT,TAH-QUANT: Effective Activation Quantization in Pipeline Parallelism over Slow Network,https://arxiv.org/abs/2506.01352,,Reduces activation-transfer cost in slow-network pipeline training through quantized communication or state compression.,APRIL-AIGC/Awesome-Optimizer
2025-06,SPlus,A Stable Whitening Optimizer for Efficient Neural Network Training,https://arxiv.org/abs/2506.07254,https://github.com/kvfrans/splus,Uses stable whitening-style preconditioning to cut both gradient steps and wall-clock time in reported transformer training runs.,curated
2025-06,pFedSOP,pFedSOP : Accelerating Training Of Personalized Federated Learning Using Second-Order Optimization,https://arxiv.org/abs/2506.07159,,Improves optimization under federated heterogeneity and client drift with curvature-aware client updates.,APRIL-AIGC/Awesome-Optimizer
2025-06,NYSACT,NYSACT: A SCALABLE PRECONDITIONED GRADIENT DESCENT USING NYSTRÖM APPROXIMATION,https://arxiv.org/abs/2506.08360,,Uses preconditioning or curvature structure to improve convergence.,APRIL-AIGC/Awesome-Optimizer
2025-06,MAC,MAC: AN EFFICIENT GRADIENT PRECONDITIONING USING MEAN ACTIVATION APPROXIMATED CURVATURE,https://arxiv.org/abs/2506.08464,,Uses preconditioning or curvature structure to improve convergence.,APRIL-AIGC/Awesome-Optimizer
2025-06,LQ-SGD,Trustworthy Efficient Communication for Distributed Learning using LQ-SGD Algorithm,https://arxiv.org/abs/2506.17974,,Reduces synchronization or communication overhead in distributed training through quantized communication or state compression.,APRIL-AIGC/Awesome-Optimizer
2025-06,HGM,Hindsight-Guided Momentum (HGM) Optimizer: An Approach to Adaptive Learning Rates,https://arxiv.org/abs/2506.22479,,Improves adaptive step-size control using gradient-angle-based scheduling.,APRIL-AIGC/Awesome-Optimizer
2025-06,FZOO,FZOO: Fast Zeroth-Order Optimizer for Fine-Tuning Large Language Models towards Adam-Scale Speed,https://arxiv.org/abs/2506.09034,,Enables more efficient gradient-free optimization for large language model training.,APRIL-AIGC/Awesome-Optimizer
2025-06,FedOne,FedOne: Query-Efficient Federated Learning for Black-box Discrete Prompt Learning,https://arxiv.org/abs/2506.14929,,Improves optimization under federated heterogeneity and client drift.,APRIL-AIGC/Awesome-Optimizer
2025-06,FedCurv,Blockchain-Enabled Privacy-Preserving Second-Order Federated Edge Learning in Personalized Healthcare,https://arxiv.org/abs/2506.00416,,Improves optimization under federated heterogeneity and client drift with curvature-aware client updates.,APRIL-AIGC/Awesome-Optimizer
2025-06,DAT-SGD,Enhancing Parallelism in Decentralized Stochastic Convex Optimization,https://arxiv.org/abs/2506.00961,,Reduces synchronization or communication overhead in distributed training.,APRIL-AIGC/Awesome-Optimizer
2025-06,ADAACT,AN ADAPTIVE METHOD STABILIZING ACTIVATIONS FOR ENHANCED GENERALIZATION,https://arxiv.org/abs/2506.08353,,Stabilizes activations to improve generalization with neuron-level adaptive updates.,APRIL-AIGC/Awesome-Optimizer
2025-05,VRAdam,A Physics-Inspired Optimizer: Velocity Regularized Adam,https://arxiv.org/abs/2505.13196,,Speeds up optimization with refined momentum dynamics through damping-aware momentum.,APRIL-AIGC/Awesome-Optimizer
2025-05,VAMO,VAMO: Efficient Large-Scale Nonconvex Optimization via Adaptive Zeroth Order Variance Reduction,https://arxiv.org/abs/2505.13954,,Enables more efficient gradient-free optimization.,APRIL-AIGC/Awesome-Optimizer
2025-05,SUMO,SUMO: Subspace-Aware Moment-Orthogonalization for Accelerating Memory-Efficient LLM Training,https://arxiv.org/abs/2505.24749,,Reduces optimizer-state or training memory overhead through structured or orthogonalized updates.,APRIL-AIGC/Awesome-Optimizer
2025-05,SKA-SGD,STREAMING KRYLOV-ACCELERATED STOCHASTIC GRADIENT DESCENT,https://arxiv.org/abs/2505.07046,,Improves optimization on sharp or ill-conditioned loss landscapes through curvature-aware landscape exploration.,APRIL-AIGC/Awesome-Optimizer
2025-05,RaCO-DP,Private Rate-Constrained Optimization with Applications to Fair Learning,https://arxiv.org/abs/2505.22703,,Improves privacy-preserving training while accounting for privacy noise.,APRIL-AIGC/Awesome-Optimizer
2025-05,QZO,Fine-tuning Quantized Neural Networks with Zeroth-order Optimization,https://arxiv.org/abs/2505.13430,,Enables more efficient gradient-free optimization with quantized gradient-free updates.,APRIL-AIGC/Awesome-Optimizer
2025-05,LightSAM,LightSAM: Parameter-Agnostic Sharpness-Aware Minimization,https://arxiv.org/abs/2505.24399,,Targets flatter solutions and stronger generalization through SAM-style updates.,APRIL-AIGC/Awesome-Optimizer
2025-05,Kuramoto-FedAvg,Kuramoto-FedAvg: Using Synchronization Dynamics to Improve Federated Learning Optimization under Statistical Heterogeneity,https://arxiv.org/abs/2505.19605,,Improves optimization under federated heterogeneity and client drift with momentum-aware client aggregation.,APRIL-AIGC/Awesome-Optimizer
2025-05,KO,KO: Kinetics-inspired Neural Optimizer with PDE Simulation Approaches,https://arxiv.org/abs/2505.14777,,Automates update-rule design to improve transfer or tuning through automatically discovered update rules.,APRIL-AIGC/Awesome-Optimizer
2025-05,KerZOO,KerZOO: Kernel Function Informed Zeroth-Order Optimization for Accurate and Accelerated LLM Fine-Tuning,https://arxiv.org/abs/2505.18886,,Enables more efficient gradient-free optimization with lower memory overhead at inference time.,APRIL-AIGC/Awesome-Optimizer
2025-05,DEC-LOC,DES-LOC: Desynced Low Communication Adaptive Optimizers for Training Foundation Models,https://arxiv.org/abs/2505.22549,,Reduces synchronization or communication overhead in distributed training.,APRIL-AIGC/Awesome-Optimizer
2025-05,AutoSGD,AutoSGD: Automatic Learning Rate Selection for Stochastic Gradient Descent,https://arxiv.org/abs/2505.21651,,Reduces manual learning-rate tuning without hand-designed learning-rate schedules.,APRIL-AIGC/Awesome-Optimizer
2025-05,AdamS,AdamS: Momentum Itself Can Be A Normalizer for LLM Pretraining and Post-training,https://arxiv.org/abs/2505.16363,,Speeds up optimization with refined momentum dynamics without maintaining full per-parameter state.,APRIL-AIGC/Awesome-Optimizer
2025-05,Adam-Power,GradPower: Powering Gradients for Faster Language Model Pre-Training,https://arxiv.org/abs/2505.24275,,Improves adaptive step-size control through revised second-moment estimation.,APRIL-AIGC/Awesome-Optimizer
2025-05,ADAGB2,Fast Stochastic Second-Order Adagrad for Nonconvex Bound-Constrained Optimization,https://arxiv.org/abs/2505.06374,,Combines complementary update strategies through projected adaptive updates.,APRIL-AIGC/Awesome-Optimizer
2025-05,AbsSADMM,Stochastic ADMM with batch size adaptation for nonconvex nonsmooth optimization,https://arxiv.org/abs/2505.06921,,Reduces synchronization overhead in distributed training.,APRIL-AIGC/Awesome-Optimizer
2025-04,GeoDP-SGD,Analyzing and Optimizing Perturbation of DP-SGD Geometrically,https://arxiv.org/abs/2504.05618,,Improves exploration or robustness through injected noise under noisy gradients.,APRIL-AIGC/Awesome-Optimizer
2025-04,Dion,Dion: Distributed Orthonormalized Updates,https://arxiv.org/abs/2504.05295,https://github.com/microsoft/dion,Distributed orthonormalized updates that retain Muon-style gains while lowering large-scale training overhead.,curated
2025-04,BC-ADMM,BC-ADMM: An Efficient Non-convex Constrained Optimizer with Robotic Applications,https://arxiv.org/abs/2504.05465,,Improves optimization robustness and stability.,APRIL-AIGC/Awesome-Optimizer
2025-04,AlphaGrad,AlphaGrad: Non-Linear Gradient Normalization Optimizer,https://arxiv.org/abs/2504.16020,,Improves adaptive step-size control without maintaining full per-parameter state.,APRIL-AIGC/Awesome-Optimizer
2025-03,ZO2,ZO2: Scalable Zeroth-Order Fine-Tuning for Extremely Large Language Models with Limited GPU Memory,https://arxiv.org/abs/2503.12668,,Enables more efficient gradient-free optimization with lower memory overhead at inference time.,APRIL-AIGC/Awesome-Optimizer
2025-03,SPARTA,SPARTA: An Optimization Framework for Differentially Private Sparse Fine-Tuning,https://arxiv.org/abs/2503.12822,,Improves privacy-preserving training while accounting for privacy noise.,APRIL-AIGC/Awesome-Optimizer
2025-03,PAdamP,ADAPTIVE MOMENT ESTIMATION OPTIMIZATION ALGORITHM USING PROJECTION GRADIENT FOR DEEP LEARNING,https://arxiv.org/abs/2503.10005,,Combines complementary update strategies through projected adaptive updates.,APRIL-AIGC/Awesome-Optimizer
2025-03,FUSE-PV,FUSE: First-Order and Second-Order Unified SynthEsis in Stochastic Optimization,https://arxiv.org/abs/2503.04204,,Uses preconditioning or curvature structure to improve convergence through stochastic quasi-Newton updates.,APRIL-AIGC/Awesome-Optimizer
2025-03,FedCET,Communication Efficient Federated Learning with Linear Convergence on Heterogeneous Data,https://arxiv.org/abs/2503.15804,,Improves optimization under federated heterogeneity and client drift.,APRIL-AIGC/Awesome-Optimizer
2025-03,DC-SGD,DC-SGD: Differentially Private SGD with Dynamic Clipping through Gradient Norm Distribution Estimation,https://arxiv.org/abs/2503.22988,,Improves privacy-preserving training.,APRIL-AIGC/Awesome-Optimizer
2025-03,AsyncSAM,ASYNCHRONOUS SHARPNESS-AWARE MINIMIZATION FOR FAST AND ACCURATE DEEP LEARNING,https://arxiv.org/abs/2503.11147,,Brings SAM-style generalization gains to asynchronous training through SAM-style updates.,APRIL-AIGC/Awesome-Optimizer
2025-03,ASGO,ASGO: Adaptive Structured Gradient Optimization,https://arxiv.org/abs/2503.20762,,Uses preconditioning or curvature structure to improve convergence.,APRIL-AIGC/Awesome-Optimizer
2025-03,ADEF,Accelerated Distributed Optimization with Compression and Error Feedback,https://arxiv.org/abs/2503.08427,,Reduces synchronization or communication overhead in distributed training.,APRIL-AIGC/Awesome-Optimizer
2025-02,Stable-SPAM,Stable-SPAM: How to Train in 4-Bit More Stably than 16-Bit Adam,https://arxiv.org/abs/2502.17055,,Supports lower-cost low-precision or bandwidth-constrained training with layer-wise normalized updates.,APRIL-AIGC/Awesome-Optimizer
2025-02,Scion,Training Deep Learning Models with Norm-Constrained LMOs,https://arxiv.org/abs/2502.07529,https://github.com/LIONS-EPFL/scion,"Norm-constrained LMO updates improve stability, memory efficiency, and hyperparameter transfer across model sizes.",curated
2025-02,SASSHA,SASSHA: Sharpness-aware Adaptive Second-order Optimization with Stable Hessian Approximation,https://arxiv.org/abs/2502.18153,,Targets flatter solutions and stronger generalization through diagonal Hessian estimates.,APRIL-AIGC/Awesome-Optimizer
2025-02,RACS,Towards Efficient Optimizer Design for LLM via Structured Fisher Approximation with a Low-Rank Extension,https://arxiv.org/abs/2502.07752,,Uses preconditioning or curvature structure to improve convergence through Fisher-based preconditioning.,APRIL-AIGC/Awesome-Optimizer
2025-02,R-AdaZO,Refining Adaptive Zeroth-Order Optimization at Ease,https://arxiv.org/abs/2502.01014,,Enables more efficient gradient-free optimization with adaptive momentum updates.,APRIL-AIGC/Awesome-Optimizer
2025-02,QuZO,QuZO: Quantized Zeroth-Order Fine-Tuning for Large Language Models,https://arxiv.org/abs/2502.12346,,Enables more efficient gradient-free optimization with quantized gradient-free updates.,APRIL-AIGC/Awesome-Optimizer
2025-02,OCAR,Online Curvature-Aware Replay: Leveraging 2nd Order Information for Online Continual Learning,https://arxiv.org/abs/2502.01866,,Uses preconditioning or curvature structure to improve convergence through Fisher-based preconditioning.,APRIL-AIGC/Awesome-Optimizer
2025-02,MaZO,MaZO: Masked Zeroth-Order Optimization for Multi-Task Fine-Tuning of Large Language Models,https://arxiv.org/abs/2502.11513,,Enables more efficient gradient-free optimization by querying only a sparse parameter subset.,APRIL-AIGC/Awesome-Optimizer
2025-02,LORENZA,LORENZA: Enhancing Generalization in Low-Rank Gradient LLM Training and Fine-Tuning via Efficient Zeroth-Order Adaptive SAM Optimization,https://arxiv.org/abs/2502.19571,,Enables more efficient gradient-free optimization with adaptive momentum updates.,APRIL-AIGC/Awesome-Optimizer
2025-02,Interleaved-ShuffleG,The Cost of Shuffling in Private Gradient Based Optimization,https://arxiv.org/abs/2502.03652,,Reduces synchronization or communication overhead in distributed training with a stronger privacy-utility trade-off.,APRIL-AIGC/Awesome-Optimizer
2025-02,Hessian-aware Scaling,First-ish Order Methods: Hessian-aware Scalings of Gradient Descent,https://arxiv.org/abs/2502.03701,,Uses preconditioning or curvature structure to improve convergence.,APRIL-AIGC/Awesome-Optimizer
2025-02,FAdamGC,Gradient Correction in Federated Learning with Adaptive Optimization,https://arxiv.org/abs/2502.02727,,Improves optimization under federated heterogeneity and client drift.,APRIL-AIGC/Awesome-Optimizer
2025-02,eagle,EAGLE: EARLY APPROXIMATED-GRADIENT-BASED LEARNING RATE ESTIMATOR,https://arxiv.org/abs/2502.01036,,Improves adaptive step-size control with adaptive momentum updates.,APRIL-AIGC/Awesome-Optimizer
2025-02,DPZV,DPZV: Elevating the Tradeoff between Privacy and Utility in Zeroth-Order Vertical Federated Learning,https://arxiv.org/abs/2502.20565,,Improves optimization under federated heterogeneity and client drift under noisy gradients.,APRIL-AIGC/Awesome-Optimizer
2025-02,DiZO,"Harmony in Divergence: Towards Fast, Accurate, and Memory-efficient Zeroth-order LLM Fine-tuning",https://arxiv.org/abs/2502.03304,,Reduces optimizer-state or training memory overhead for large language model training.,APRIL-AIGC/Awesome-Optimizer
2025-02,D-Muon,Muon is Scalable for LLM Training,https://arxiv.org/abs/2502.16982,https://github.com/MoonshotAI/Moonlight,Scales Muon-style orthogonalized updates to distributed LLM training and reports strong compute-efficiency gains over AdamW.,curated
2025-02,Coupled Adam,Better Embeddings with Coupled Adam,https://arxiv.org/abs/2502.08441,,Improves adaptive step-size control with layer-wise adaptive scaling.,APRIL-AIGC/Awesome-Optimizer
2025-02,AdaGC,AdaGC: Improving Training Stability for Large Language Model Pretraining,https://arxiv.org/abs/2502.11034,,Improves optimization robustness and stability under noisy gradients.,APRIL-AIGC/Awesome-Optimizer
2025-02,Adadiag,Improving Adaptive Moment Optimization viaPreconditioner Diagonalization,https://arxiv.org/abs/2502.07488,,Uses preconditioning or curvature structure to improve convergence through projected adaptive updates.,APRIL-AIGC/Awesome-Optimizer
2025-01,ZOQO,ZOQO: Zero-Order Quantized Optimization,https://arxiv.org/abs/2501.06736,,Supports lower-cost low-precision or bandwidth-constrained training with quantized gradient-free updates.,APRIL-AIGC/Awesome-Optimizer
2025-01,TeZO,TeZO: Empowering the Low-Rankness on the Temporal Dimension in the Zeroth-Order Optimization for Fine-tuning LLMs,https://arxiv.org/abs/2501.19057,,Enables more efficient gradient-free optimization for large language model training.,APRIL-AIGC/Awesome-Optimizer
2025-01,SPAM,SPAM: SPIKE-AWARE ADAM WITH MOMENTUM RESET FOR STABLE LLM TRAINING,https://arxiv.org/abs/2501.06842,,Speeds up optimization with refined momentum dynamics through element-wise gradient scaling.,APRIL-AIGC/Awesome-Optimizer
2025-01,SGDO,Overshoot: Taking advantage of future gradients in momentum-based stochastic optimization,https://arxiv.org/abs/2501.09556,,Uses overshoot-style momentum to exploit future-gradient information and accelerate convergence.,APRIL-AIGC/Awesome-Optimizer
2025-01,LT-ADMM,Communication-Efficient Stochastic Distributed Learning,https://arxiv.org/abs/2501.13516,,Reduces synchronization or communication overhead in distributed training.,APRIL-AIGC/Awesome-Optimizer
2025-01,HybridSGD,"Communication-Efficient, 2D Parallel Stochastic Gradient Descent for Distributed-Memory Optimization",https://arxiv.org/abs/2501.07526,,Reduces synchronization or communication overhead in distributed training.,APRIL-AIGC/Awesome-Optimizer
2025-01,GWT,Wavelet Meets Adam: Compressing Gradients for Memory-Efficient Training,https://arxiv.org/abs/2501.07237,,Reduces optimizer-state or training memory overhead.,APRIL-AIGC/Awesome-Optimizer
2025-01,GCSAM,GCSAM: Gradient Centralized Sharpness Aware Minimization,https://arxiv.org/abs/2501.11584,,Targets flatter solutions and stronger generalization.,APRIL-AIGC/Awesome-Optimizer
2025-01,ELASTICZO,ELASTICZO: A MEMORY-EFFICIENT ON-DEVICE LEARNING WITH COMBINED ZEROTH- AND FIRST-ORDER OPTIMIZATION,https://arxiv.org/abs/2501.04287,,Reduces optimizer-state or training memory overhead.,APRIL-AIGC/Awesome-Optimizer
2024-12,SWAN,SWAN: SGD WITH NORMALIZATION AND WHITENING ENABLES STATELESS LLM TRAINING,https://arxiv.org/abs/2412.13148,,Uses preconditioning or curvature structure to improve convergence through structured or orthogonalized updates.,APRIL-AIGC/Awesome-Optimizer
2024-12,SGD-SaI,No More Adam: Learning Rate Scaling at Initialization is All You Need,https://arxiv.org/abs/2412.11768,,Improves adaptive step-size control by adapting updates to parameter characteristics.,APRIL-AIGC/Awesome-Optimizer
2024-12,Muon,Muon: An optimizer for the hidden layers of neural networks,https://kellerjordan.github.io/posts/muon/,https://github.com/KellerJordan/Muon,Uses orthogonalized matrix updates for hidden-layer weights and is commonly paired with AdamW for embeddings and heads.,curated
2024-12,MIAdam,A Method for Enhancing Generalization of Adam by Multiple Integrations,https://arxiv.org/abs/2412.12473,,Targets better generalization through curvature-aware landscape exploration.,APRIL-AIGC/Awesome-Optimizer
2024-12,Grams,Grams: Gradient Descent with Adaptive Momentum Scaling,https://arxiv.org/abs/2412.17107,,Speeds up optimization with refined momentum dynamics across multiple optimization objectives.,APRIL-AIGC/Awesome-Optimizer
2024-12,FedSTaS,FedSTaS: Client Stratification and Client Level Sampling for Efficient Federated Learning,https://arxiv.org/abs/2412.14226,,Improves optimization under federated heterogeneity and client drift.,APRIL-AIGC/Awesome-Optimizer
2024-12,EXADAM,EXADAM: THE POWER OF ADAPTIVE CROSS-MOMENTS,https://arxiv.org/abs/2412.20302,,Improves adaptive step-size control through a hybrid adaptive update rule.,APRIL-AIGC/Awesome-Optimizer
2024-12,apollo,"APOLLO:SGD-LIKE MEMORY, ADAMW-LEVEL PERFORMANCE",https://arxiv.org/abs/2412.05270,,Improves adaptive step-size control through a hybrid adaptive update rule.,APRIL-AIGC/Awesome-Optimizer
2024-12,Adam-Real,Adam on Local Time: Addressing Nonstationarity in RL with Relative Adam Timesteps,https://arxiv.org/abs/2412.17113,,Speeds up optimization with refined momentum dynamics.,APRIL-AIGC/Awesome-Optimizer
2024-12,Adam++,Towards Simple and Provable Parameter-Free Adaptive Gradient Methods,https://arxiv.org/abs/2412.19444,,Improves adaptive step-size control without hand-designed learning-rate schedules.,APRIL-AIGC/Awesome-Optimizer
2024-11,MARS,MARS: Unleashing the Power of Variance Reduction for Training Large Models,https://arxiv.org/abs/2411.10438,https://github.com/AGI-Arena/MARS,"Injects variance reduction into AdamW-, Lion-, and Shampoo-style updates and reports clear GPT-2 training gains.",curated
2024-11,FSGDM,ON THE PERFORMANCE ANALYSIS OF MOMENTUM METHOD: A FREQUENCY DOMAIN PERSPECTIVE,https://arxiv.org/abs/2411.19671,,Speeds up optimization with refined momentum dynamics.,APRIL-AIGC/Awesome-Optimizer
2024-11,FedIvon,Federated Learning with Uncertainty and Personalization via Efficient Second-order Optimization,https://arxiv.org/abs/2411.18385,,Improves optimization under federated heterogeneity and client drift.,APRIL-AIGC/Awesome-Optimizer
2024-11,Cautious Optimizers,Cautious Optimizers: Improving Training with One Line of Code,https://arxiv.org/abs/2411.16085,https://github.com/kyleliang919/C-Optim,"A one-line cautious mask that can make AdamW-, Lion-, and momentum-style optimizers more stable and robust.",curated
2024-11,CAdam,CAdam: Confidence-Based Optimization for Online Learning,https://arxiv.org/abs/2411.19647,,Combines complementary update strategies across multiple optimization objectives.,APRIL-AIGC/Awesome-Optimizer
2024-11,AGS-GD,Anisotropic Gaussian Smoothing for Gradient-based Optimization,https://arxiv.org/abs/2411.11747,,Combines complementary update strategies through automatically discovered update rules.,APRIL-AIGC/Awesome-Optimizer
2024-11,ADOPT,ADOPT: Modified Adam Can Converge with Any β2 with the Optimal Rate,https://arxiv.org/abs/2411.02853,https://github.com/iShohei220/adopt,A drop-in Adam-family variant with stronger convergence guarantees and improved practical stability.,curated
2024-11,A-GNB,HELENE: HESSIAN LAYER-WISE CLIPPING AND GRADIENT ANNEALING FOR ACCELERATING FINETUNING LLM WITH ZEROTH-ORDER OPTIMIZATION,https://arxiv.org/abs/2411.10696,,Enables more efficient gradient-free optimization for large language model training.,APRIL-AIGC/Awesome-Optimizer
2024-10,SuZero,Zeroth-Order Fine-Tuning of LLMs in Random Subspaces,https://arxiv.org/abs/2410.08989,,Enables more efficient gradient-free optimization for large language model training.,APRIL-AIGC/Awesome-Optimizer
2024-10,SOAA,EFFICIENT SECOND-ORDER NEURAL NETWORK OPTIMIZATION VIA ADAPTIVE TRUST REGION METHODS,https://arxiv.org/abs/2410.02293,,Uses preconditioning or curvature structure to improve convergence through Fisher-based preconditioning.,APRIL-AIGC/Awesome-Optimizer
2024-10,SAMPa,SAMPa: Sharpness-aware Minimization Parallelized,https://arxiv.org/abs/2410.10683,,Targets flatter solutions and stronger generalization through SAM-style updates.,APRIL-AIGC/Awesome-Optimizer
2024-10,OptiQ,Second-Order Optimization via Quiescence,https://arxiv.org/abs/2410.08033,,Uses second-order preconditioning via quiescence to improve convergence.,APRIL-AIGC/Awesome-Optimizer
2024-10,LOZO,Enhancing zeroth-order fine-tuning for language models with low-rank structures,https://arxiv.org/abs/2410.07698,,Enables more efficient gradient-free optimization for large language model training.,APRIL-AIGC/Awesome-Optimizer
2024-10,LeZO,SIMULTANEOUS COMPUTATION AND MEMORY EFFICIENT ZEROTH-ORDER OPTIMIZER FOR FINE-TUNING LARGE LANGUAGE MODELS,https://arxiv.org/abs/2410.09823,,Reduces optimizer-state or training memory overhead through sparse perturbations.,APRIL-AIGC/Awesome-Optimizer
2024-10,LDAdam,LDADAM: ADAPTIVE OPTIMIZATION FROM LOWDIMENSIONAL GRADIENT STATISTICS,https://arxiv.org/abs/2410.16103,,Combines complementary update strategies through projected adaptive updates.,APRIL-AIGC/Awesome-Optimizer
2024-10,INNAprop,A SECOND-ORDER-LIKE OPTIMIZER WITH ADAPTIVE GRADIENT SCALING FOR DEEP LEARNING,https://arxiv.org/abs/2410.05871,,Improves adaptive step-size control with adaptive momentum updates.,APRIL-AIGC/Awesome-Optimizer
2024-10,FGSAM,Fast Graph Sharpness-Aware Minimization for Enhancing and Accelerating Few-Shot Node Classification,https://arxiv.org/abs/2410.16845,,Targets flatter solutions and stronger generalization.,APRIL-AIGC/Awesome-Optimizer
2024-10,CaAdam,CaAdam: Improving Adam optimizer using connection aware methods,https://arxiv.org/abs/2410.24216,,Improves adaptive step-size control with layer-wise adaptive scaling.,APRIL-AIGC/Awesome-Optimizer
2024-10,Addax,Addax: Utilizing Zeroth-Order Gradients to Improve Memory Efficiency and Performance of SGD for Fine-Tuning Language Models,https://arxiv.org/abs/2410.06441,,Enables more efficient gradient-free optimization for large language model training.,APRIL-AIGC/Awesome-Optimizer
2024-10,AdaRankGrad,Adarankgrad: Adaptive gradient-rank and moments for memory-efficient llms training and fine-tuning,https://arxiv.org/abs/2410.17881,,Reduces optimizer-state or training memory overhead for large language model training.,APRIL-AIGC/Awesome-Optimizer
2024-09,WarpAdam,WarpAdam: A new Adam optimizer based on Meta-Learning approach,https://arxiv.org/abs/2409.04244,,Automates update-rule design to improve transfer or tuning through learned or evolutionary update rules.,APRIL-AIGC/Awesome-Optimizer
2024-09,SOAP,SOAP: Improving and Stabilizing Shampoo using Adam,https://arxiv.org/abs/2409.11321,https://github.com/nikhilvyas/SOAP,Blends Shampoo-style preconditioning with Adam-style moment updates for stronger large-batch optimization.,curated
2024-09,RSGDM,Reducing Bias in Deep Learning Optimization: The RSGDM Approach,https://arxiv.org/abs/2409.15314,,Reduces optimization bias in momentum SGD while preserving fast convergence.,APRIL-AIGC/Awesome-Optimizer
2024-09,FLeNS,FLeNS: Federated Learning with Enhanced Nesterov-Newton Sketch,https://arxiv.org/abs/2409.15216,,Improves optimization under federated heterogeneity and client drift with momentum-aware client aggregation.,APRIL-AIGC/Awesome-Optimizer
2024-09,FedRepOpt,FedRepOpt: Gradient Re-parametrized Optimizers in Federated Learning,https://arxiv.org/abs/2409.15898,,Improves optimization under federated heterogeneity and client drift with momentum-aware client aggregation.,APRIL-AIGC/Awesome-Optimizer
2024-09,AdEMAMix,AdEMAMix,https://arxiv.org/abs/2409.03137,https://github.com/apple/ml-ademamix,Mixes long-horizon EMA information into AdamW and improves training efficiency for large language models.,curated
2024-08,DOPPLER,DOPPLER: Differentially Private Optimizers with Low-pass Filter for Privacy Noise Reduction,https://arxiv.org/abs/2408.13460,,Improves privacy-preserving training while accounting for privacy noise.,APRIL-AIGC/Awesome-Optimizer
2024-07,FADAS,FADAS: Towards Federated Adaptive Asynchronous Optimization,https://arxiv.org/abs/2407.18365,,Improves optimization under federated heterogeneity and client drift with momentum-aware client aggregation.,APRIL-AIGC/Awesome-Optimizer
2024-07,CRNAS,Novel Optimization Techniques for Parameter Estimation,https://arxiv.org/abs/2407.04235,,Uses preconditioning or curvature structure to improve convergence through diagonal Hessian estimates.,APRIL-AIGC/Awesome-Optimizer
2024-07,BADM,BADM: Batch ADMM for Deep Learning,https://arxiv.org/abs/2407.01640,,Combines complementary update strategies across multiple optimization objectives.,APRIL-AIGC/Awesome-Optimizer
2024-06,ZoPro,A Zeroth-Order Proximal Algorithm for Consensus Optimization,https://arxiv.org/abs/2406.09816,,Enables more efficient gradient-free optimization.,APRIL-AIGC/Awesome-Optimizer
2024-06,HesScale,Revisiting Scalable Hessian Diagonal Approximations for Applications in Reinforcement Learning,https://arxiv.org/abs/2406.03276,,Uses preconditioning or curvature structure to improve convergence through diagonal Hessian estimates.,APRIL-AIGC/Awesome-Optimizer
2024-06,Fed-Sophia,Fed-Sophia: A Communication-Efficient Second-Order Federated Learning Algorithm,https://arxiv.org/abs/2406.06655,,Improves optimization under federated heterogeneity and client drift through diagonal Hessian estimates.,APRIL-AIGC/Awesome-Optimizer
2024-06,Adam-mini,Adam-mini,https://arxiv.org/abs/2406.16793,https://github.com/zyushun/Adam-mini,Reduces optimizer memory by sharing update statistics across parameter groups while preserving AdamW-like quality.,curated
2024-05,SF-AdamW (Schedule-Free),The Road Less Scheduled,https://arxiv.org/abs/2405.15682,https://github.com/facebookresearch/schedule_free,Removes explicit learning-rate schedules and simplifies tuning while keeping AdamW-style behavior.,curated
2024-05,Q-Newton,Q-Newton: Hybrid Quantum-Classical Scheduling for Accelerating Neural Network Training with Newton’s Gradient Descent,https://arxiv.org/abs/2405.00252,,Uses preconditioning or curvature structure to improve convergence.,APRIL-AIGC/Awesome-Optimizer
2024-05,MicroAdam,MicroAdam,https://arxiv.org/abs/2405.15593,https://github.com/IST-DASLab/MicroAdam,Compresses Adam-style state updates to reduce memory pressure while keeping competitive convergence.,curated
2024-05,FAdam,FAdam: Adam is a natural gradient optimizer using diagonal empirical Fisher information,https://arxiv.org/abs/2405.12807,https://github.com/lessw2020/fadam_pytorch,Uses diagonal empirical Fisher preconditioning to make Adam behave more like a lightweight natural-gradient optimizer.,curated
2024-05,Athena,Athena: Efficient Block-Wise Post-Training Quantization for Large Language Models Using Second-Order Matrix Derivative Information,https://arxiv.org/abs/2405.17470,,Supports lower-cost low-precision or bandwidth-constrained training for large language model training.,APRIL-AIGC/Awesome-Optimizer
2024-05,AdaFisher,ADAFISHER: ADAPTIVE SECOND ORDER OPTIMIZATION VIA FISHER INFORMATION,https://arxiv.org/abs/2405.16397,,Uses preconditioning or curvature structure to improve convergence through Fisher-based preconditioning.,APRIL-AIGC/Awesome-Optimizer
2024-05,4-bit shampoo,4-bit Shampoo for Memory-Efficient Network Training,https://arxiv.org/abs/2405.18144,,Reduces optimizer-state or training memory overhead through whitening-style preconditioning.,APRIL-AIGC/Awesome-Optimizer
2024-04,VSGD,Variational Stochastic Gradient Descent for Deep Neural Networks,https://arxiv.org/abs/2404.06549,,Improves adaptive step-size control through revised second-moment estimation.,APRIL-AIGC/Awesome-Optimizer
2024-04,MeZO-SVRG,Variance-reduced Zeroth-Order Methods for Fine-Tuning Language Models,https://arxiv.org/abs/2404.08080,,Enables more efficient gradient-free optimization for large language model training.,APRIL-AIGC/Awesome-Optimizer
2024-04,BAdam,BAdam: A Memory Efficient Full Parameter Optimization Method for Large Language Models,https://arxiv.org/abs/2404.02827,,Reduces optimizer-state or training memory overhead across multiple optimization objectives.,APRIL-AIGC/Awesome-Optimizer
2024-03,FAGH,FAGH: Accelerating Federated Learning with Approximated Global Hessian,https://arxiv.org/abs/2403.11041,,Improves optimization under federated heterogeneity and client drift with curvature-aware client updates.,APRIL-AIGC/Awesome-Optimizer
2024-03,F-SAM,Friendly Sharpness-Aware Minimization,https://arxiv.org/abs/2403.12350,,Targets flatter solutions and stronger generalization.,APRIL-AIGC/Awesome-Optimizer
2024-03,Adapprox,Adapprox: Adaptive Approximation in Adam Optimization via Randomized Low-Rank Matrices,https://arxiv.org/abs/2403.14958,,Uses low-rank structure to reduce optimization or communication cost.,APRIL-AIGC/Awesome-Optimizer
2024-02,Sparse MeZO,Sparse MeZO: Less Parameters for Better Performance in Zeroth-Order LLM Fine-Tuning,https://arxiv.org/abs/2402.15751,,Enables more efficient gradient-free optimization through sparse perturbations.,APRIL-AIGC/Awesome-Optimizer
2024-02,FedLion,FEDLION: FASTER ADAPTIVE FEDERATED OPTIMIZATION WITH FEWER COMMUNICATION,https://arxiv.org/abs/2402.09941,,Improves optimization under federated heterogeneity and client drift with momentum-aware client aggregation.,APRIL-AIGC/Awesome-Optimizer
2024-01,SSAM,Stabilizing Sharpness-aware Minimization Through A Simple Renormalization Strategy,https://arxiv.org/abs/2401.07250,,Targets flatter solutions and stronger generalization.,APRIL-AIGC/Awesome-Optimizer
2024-01,MSAM,Momentum-SAM: Sharpness Aware Minimization without Computational Overhead,https://arxiv.org/abs/2401.12033,,Targets flatter solutions and stronger generalization.,APRIL-AIGC/Awesome-Optimizer
2024-01,MADA,MADA: Meta-Adaptive Optimizers through hyper-gradient Descent,https://arxiv.org/abs/2401.08893,,Automates update-rule design to improve transfer or tuning through learned or evolutionary update rules.,APRIL-AIGC/Awesome-Optimizer
2023-12,ZO-AdaMU,ZO-AdaMU Optimizer: Adapting Perturbation by the Momentum and Uncertainty in Zeroth-order Optimization,https://arxiv.org/abs/2312.15184,,Enables more efficient gradient-free optimization with lower memory overhead at inference time.,APRIL-AIGC/Awesome-Optimizer
2023-12,DP-AdamBC,DP-AdamBC: Your DP-Adam Is Actually DP-SGD (Unless You Apply Bias Correction),https://arxiv.org/abs/2312.14334,,Improves privacy-preserving training through revised second-moment estimation.,APRIL-AIGC/Awesome-Optimizer
2023-12,AGD,AGD: an Auto-switchable Optimizer using Stepwise Gradient Difference for Preconditioning Matrix,https://arxiv.org/abs/2312.01658,https://github.com/intelligent-machine-learning/dlrover/tree/master/atorch/atorch/optimizers,Auto-switches preconditioning based on stepwise gradient differences to balance adaptivity and efficiency.,curated
2023-11,SGDF,Signal Processing Meets SGD: From Momentum to Filter,https://arxiv.org/abs/2311.02818,,Speeds up optimization with refined momentum dynamics.,APRIL-AIGC/Awesome-Optimizer
2023-11,FESS-GDA,Stochastic Smoothed Gradient Descent Ascent for Federated Minimax Optimization,https://arxiv.org/abs/2311.00944,,Improves optimization under federated heterogeneity and client drift.,APRIL-AIGC/Awesome-Optimizer
2023-11,Dice-SGD,DIFFERENTIALLY PRIVATE SGD WITHOUT CLIPPING BIAS: AN ERROR-FEEDBACK APPROACH,https://arxiv.org/abs/2311.14632,,Improves privacy-preserving training.,APRIL-AIGC/Awesome-Optimizer
2023-10,Logit-DP,DIFFERENTIALLY PRIVATE OPTIMIZATION FOR NONDECOMPOSABLE OBJECTIVE FUNCTIONS,https://arxiv.org/abs/2310.03104,,Improves privacy-preserving training.,APRIL-AIGC/Awesome-Optimizer
2023-10,AdaLOMO,AdaLomo: Low-memory Optimization with Adaptive Learning Rate,https://arxiv.org/abs/2310.10195,https://github.com/OpenLMLab/LOMO,Extends LOMO with adaptive learning rates for memory-constrained full-parameter LLM fine-tuning.,curated
2023-09,AdaPlus,AdaPlus,https://arxiv.org/abs/2309.01966,https://github.com/guanleics/AdaPlus,Adds Nesterov momentum and finer stepsize control on top of AdamW-style optimization.,curated
2023-07,mL-BFGS,mL-BFGS: A Momentum-based L-BFGS for Distributed Large-Scale Neural Network Optimization,https://arxiv.org/abs/2307.13744,,Reduces synchronization or communication overhead in distributed training through stochastic quasi-Newton updates.,APRIL-AIGC/Awesome-Optimizer
2023-07,CoRe,CoRe Optimizer: An All-in-One Solution for Machine Learning,https://arxiv.org/abs/2307.15663,https://github.com/ReiherGroup/CoRe_optimizer,Proposes a single optimizer intended to work robustly across tasks with less hyperparameter retuning.,curated
2023-07,CAME,CAME: Confidence-guided Adaptive Memory Efficient Optimization,https://arxiv.org/abs/2307.02047,https://github.com/yangluo7/CAME,Reduces optimizer-state cost for large models while preserving the benefits of adaptive optimization.,curated
2023-07,Adam+CM,Promoting Exploration in Memory-Augmented Adam using Critical Momenta,https://arxiv.org/abs/2307.09638,https://github.com/chandar-lab/CMOptimizer,Adds critical momenta to Adam-style updates to encourage exploration and help escape sharp or poor minima.,curated
2023-06,Prodigy,Prodigy,https://arxiv.org/abs/2306.06101,https://github.com/konstmish/prodigy,A parameter-free optimizer derived from D-Adaptation that reduces or removes learning-rate tuning.,curated
2023-06,MultiAdam,MultiAdam: Parameter-wise Scale-invariant Optimizer for Multiscale Training of Physics-informed Neural Networks,https://arxiv.org/abs/2306.02816,,Stabilizes training through normalized or clipped updates with layer-wise normalized updates.,APRIL-AIGC/Awesome-Optimizer
2023-06,look around,"Lookaround Optimizer: k steps around, 1 step average",https://arxiv.org/abs/2306.07684,,Improves optimization on sharp or ill-conditioned loss landscapes.,APRIL-AIGC/Awesome-Optimizer
2023-06,LOMO,Full Parameter Fine-tuning for Large Language Models with Limited Resources,https://arxiv.org/abs/2306.09782,https://github.com/OpenLMLab/LOMO,Fuses gradient computation and parameter updates to enable low-memory full-parameter LLM fine-tuning.,curated
2023-05,WSAM,Sharpness-Aware Minimization Revisited: Weighted Sharpness as a Regularization Term,https://arxiv.org/abs/2305.15817,https://github.com/intelligent-machine-learning/dlrover/tree/master/atorch/atorch/optimizers,Revisits SAM with weighted sharpness to improve generalization while keeping optimization practical.,curated
2023-05,UAdam,UAdam: Unified Adam-Type Algorithmic Framework for Non-Convex Stochastic Optimization,https://arxiv.org/abs/2305.05675,,Unifies Adam-type methods in one framework and studies convergence behavior under a broad non-convex stochastic setting.,curated
2023-05,Sophia,Sophia,https://arxiv.org/abs/2305.14342,https://github.com/Liuhong99/Sophia,A practical stochastic second-order optimizer for language-model pretraining with modest overhead.,curated
2023-05,MoMo,MoMo: Momentum Models for Adaptive Learning Rates,https://arxiv.org/abs/2305.07583,,Improves adaptive step-size control with adaptive momentum updates.,APRIL-AIGC/Awesome-Optimizer
2023-05,MeZO,Fine-Tuning Language Models with Just Forward Passes,https://arxiv.org/abs/2305.17333,,Reduces optimizer-state or training memory overhead with lower memory overhead at inference time.,APRIL-AIGC/Awesome-Optimizer
2023-05,DoWG,DoWG Unleashed: An Efficient Universal Parameter-Free Gradient Descent Method,https://arxiv.org/abs/2305.16284,https://github.com/AMorporkian/DoWG,A universal parameter-free gradient method that extends DoG-style step-size adaptation with stronger empirical performance.,curated
2023-05,ANSGD,Learning across Data Owners with Joint Differential Privacy,https://arxiv.org/abs/2305.15723,,Improves privacy-preserving training while accounting for privacy noise.,APRIL-AIGC/Awesome-Optimizer
2023-04,μ²-SGD,"DO STOCHASTIC, FEEL NOISELESS: STABLE STOCHASTIC OPTIMIZATION VIA A DOUBLE MOMENTUM MECHANISM",https://arxiv.org/abs/2304.04172,,Speeds up optimization with refined momentum dynamics through two-momentum updates.,APRIL-AIGC/Awesome-Optimizer
2023-04,DP-Adam,DP-ADAM: CORRECTING DP BIAS IN ADAM’S SECOND MOMENT ESTIMATION,https://arxiv.org/abs/2304.11208,,Improves privacy-preserving training while accounting for privacy noise.,APRIL-AIGC/Awesome-Optimizer
2023-04,AE-SAM,AN ADAPTIVE POLICY TO EMPLOY SHARPNESS-AWARE MINIMIZATION,https://arxiv.org/abs/2304.14647,,Targets flatter solutions and stronger generalization through SAM-style updates.,APRIL-AIGC/Awesome-Optimizer
2023-03,GAM,Gradient Norm Aware Minimization Seeks First-Order Flatness and ImprovesGeneralization,https://arxiv.org/abs/2303.03108,,Targets better generalization through curvature-aware landscape exploration.,APRIL-AIGC/Awesome-Optimizer
2023-03,DP-FedSAM,Make Landscape Flatter in Differentially Private Federated Learning,https://arxiv.org/abs/2303.11242,,Improves privacy-preserving training under noisy gradients.,APRIL-AIGC/Awesome-Optimizer
2023-03,AdaSAM,AdaSAM: Boosting Sharpness-Aware Minimization with Adaptive Learning Rate and Momentum for Training Deep Neural Networks,https://arxiv.org/abs/2303.00565,,Targets flatter solutions and stronger generalization across multiple optimization objectives.,APRIL-AIGC/Awesome-Optimizer
2023-02,SET-adam,On Suppressing Range of Adaptive Stepsizes of Adam to Improve Generalisation Performance,https://arxiv.org/abs/2302.01029,,Improves adaptive step-size control through revised second-moment estimation.,APRIL-AIGC/Awesome-Optimizer
2023-02,Lion,Symbolic Discovery of Optimization Algorithms,https://arxiv.org/abs/2302.06675,https://github.com/google/automl/tree/master/lion,Uses sign-based momentum updates to offer a lightweight alternative to AdamW.,curated
2023-02,FOSI,FOSI: Hybrid First and Second Order Optimization,https://arxiv.org/abs/2302.08484,https://github.com/hsivan/fosi,Combines first-order optimizers with second-order curvature information for faster convergence on difficult objectives.,curated
2023-02,FedLAP-DP,FedLAP-DP: Federated Learning by Sharing Differentially Private Loss Approximations,https://arxiv.org/abs/2302.01068,,Improves privacy-preserving training.,APRIL-AIGC/Awesome-Optimizer
2023-02,DoG,DoG is SGD's Best Friend: A Parameter-Free Dynamic Step Size Schedule,https://arxiv.org/abs/2302.12022,https://github.com/formll/dog,Provides a parameter-free dynamic step-size schedule that makes SGD-style optimization far less tuning-sensitive.,curated
2023-01,D-Adaptation,D-Adaptation,https://arxiv.org/abs/2301.07733,https://github.com/facebookresearch/dadaptation,"Learning-rate-free optimization for SGD, Adam, and AdaGrad variants with less manual tuning.",curated
2023-01,AdaFedAdam,ACCELERATING FAIR FEDERATED LEARNING: ADAPTIVE FEDERATED ADAM,https://arxiv.org/abs/2301.09357,,Improves optimization under federated heterogeneity and client drift with momentum-aware client aggregation.,APRIL-AIGC/Awesome-Optimizer
2022-12,RLEKF,RLEKF: An Optimizer for Deep Potential with Ab Initio Accuracy,https://arxiv.org/abs/2212.06989,,Improves adaptive step-size control.,APRIL-AIGC/Awesome-Optimizer
2022-11,VeLO,VeLO: Training Versatile Learned Optimizers by Scaling Up,https://arxiv.org/abs/2211.09760,https://github.com/google/learned_optimization/tree/main/learned_optimization/research/general_lopt,A learned optimizer trained at scale to transfer across tasks and architectures better than small learned optimizers.,curated
2022-11,SkechySGD,SketchySGD: Reliable Stochastic Optimization via Randomized Curvature Estimates,https://arxiv.org/abs/2211.08597,,Uses preconditioning or curvature structure to improve convergence.,APRIL-AIGC/Awesome-Optimizer
2022-11,AdaCGD,Adaptive Compression for Communication-Efficient Distributed Training,https://arxiv.org/abs/2211.00188,,Reduces synchronization or communication overhead in distributed training.,APRIL-AIGC/Awesome-Optimizer
2022-10,SketchedAMSGrad,Communication-Efficient Adam-Type Algorithms for Distributed Data Mining,https://arxiv.org/abs/2210.07454,,Reduces synchronization or communication overhead in distributed training through sketching or low-rank compression.,APRIL-AIGC/Awesome-Optimizer
2022-10,DPIS,DPIS: An Enhanced Mechanism for Differentially Private SGD with Importance Sampling,https://arxiv.org/abs/2210.09634,,Improves privacy-preserving training while accounting for privacy noise.,APRIL-AIGC/Awesome-Optimizer
2022-10,Amos,Amos,https://arxiv.org/abs/2210.11693,https://github.com/google-research/jestimator,Introduces scale-aware adaptive decay and weight decay for Adam-style optimization.,curated
2022-10,AdaNorm,AdaNorm,https://arxiv.org/abs/2210.06364,https://github.com/shivram1987/AdaNorm,Stabilizes adaptive optimization by correcting gradient-norm scaling behavior.,curated
2022-08,tpSGD,Learning with Local Gradients at the Edge,https://arxiv.org/abs/2208.08503,,Reduces optimizer-state or training memory overhead through a redesigned optimizer state.,APRIL-AIGC/Awesome-Optimizer
2022-08,Adan,Adan: Adaptive Nesterov Momentum Algorithm,https://arxiv.org/abs/2208.06677,https://github.com/sail-sg/Adan,Uses adaptive Nesterov momentum to speed up and stabilize deep-model training.,curated
2022-07,AdamMC,Moment Centralization based Gradient Descent Optimizers for Convolutional Neural Networks,https://arxiv.org/abs/2207.09066,,Stabilizes training through normalized or clipped updates.,APRIL-AIGC/Awesome-Optimizer
2022-07,AdaBFE,BFE and AdaBFE: A New Approach in Learning Rate Automation for Stochastic Optimization,https://arxiv.org/abs/2207.02763,,Improves adaptive step-size control using gradient-angle-based scheduling.,APRIL-AIGC/Awesome-Optimizer
2022-06,GradaGrad,Grad-GradaGrad? A Non-Monotone Adaptive Stochastic Gradient Method,https://arxiv.org/abs/2206.06900,,Proposes a non-monotone adaptive stochastic gradient method aimed at improving practical convergence over monotone variants.,curated
2022-06,DP-SGD,Normalized/Clipped SGD with Perturbation for Differentially Private Non-Convex Optimization,https://arxiv.org/abs/2206.13033,,Improves privacy-preserving training.,APRIL-AIGC/Awesome-Optimizer
2022-06,AClipped-dpSGD,Efficient Private SCO for Heavy-Tailed Data via Averaged Clipping,https://arxiv.org/abs/2206.13011,,Improves privacy-preserving training under heavy-tailed gradients.,APRIL-AIGC/Awesome-Optimizer
2022-03,Aida,A DNN Optimizer that Improves over AdaBelief by Suppression of the Adaptive Stepsize Range,https://arxiv.org/abs/2203.13273,,Improves adaptive step-size control.,APRIL-AIGC/Awesome-Optimizer
2022-03,AEGDM,AN ADAPTIVE GRADIENT METHOD WITH ENERGY AND MOMENTUM,https://arxiv.org/abs/2203.12191,,Speeds up optimization with refined momentum dynamics without maintaining full per-parameter state.,APRIL-AIGC/Awesome-Optimizer
2022-03,AdamFamily,AdaFamily: A family of Adam-like adaptive gradient methods,https://arxiv.org/abs/2203.01603,,Improves adaptive step-size control through a hybrid adaptive update rule.,APRIL-AIGC/Awesome-Optimizer
2022-02,0/1 Adam,Maximizing Communication Efficiency for Large-scale Training via 0/1 Adam,https://arxiv.org/abs/2202.06009,,Reduces communication or precision overhead in training through quantized communication or state compression.,APRIL-AIGC/Awesome-Optimizer
